ablation_mode,avg_latency,faithfulness,answer_relevancy,answer_correctness,context_precision,context_recall
naive,30.77,0.8,1.0000000000000002,0.9678625795378313,0.8333333332916666,1.0
no_crag,42.02,0.8,1.0000000000000002,0.8848760717594876,0.9999999999,1.0
no_auditor,29.7,0.8,1.0000000000000002,0.8848760717594876,0.9999999999,1.0
full,41.84,0.8,1.0000000000000002,0.8848760717594876,0.9999999999,1.0
