faithfulness,answer_relevancy,answer_correctness,context_precision,context_recall,difficulty,count,avg_latency_sec
1.0,0.8707862930725095,0.5607496153435595,0.9999999999875,0.5,easy,1,11.8796
0.8148148148148149,0.8637328350375223,0.684890456516933,0.6483887628962818,0.9166666666666666,hard,18,10.672983333333333
0.9060606060606061,0.751618947010088,0.6595571712896098,0.7428128220777244,0.9090909090909091,medium,11,8.474009090909092
