faithfulness,answer_relevancy,answer_correctness,context_precision,context_recall,category,count,avg_latency_sec
0.7722222222222221,0.7741475317095067,0.6642284294993361,0.2740873015800606,0.75,cross_paper_comparison,6,11.962116666666667
0.625,0.8516391489755818,0.6401113548658525,0.7135430838775861,0.75,distractor_edge_case,6,12.049149999999997
0.875,0.7625069655282616,0.6598450918050565,0.6985119047391518,1.0,figure_table_diagram_grounded,4,2.314425
1.0,0.9335014908719295,0.6600167008652157,0.8946995464655316,1.0,multi_chunk_synthesis,8,9.384475
0.9583333333333334,0.7283519337682133,0.7429074909319814,0.8135298563684924,1.0,paraphrase_hard_retrieval,6,11.467716666666668
