exact_match,token_f1,rouge_l_f1,source_hit,source_precision,source_recall,source_mrr,difficulty,count,avg_latency_sec
0.07692307692307693,0.6750660691965039,0.6490559681864029,1.0,0.8205128205128205,0.9384615384615385,1.0,easy,13,7.263746153846153
0.0,0.35495846826128796,0.2570022600658749,1.0,0.8333333333333334,0.9444444444444444,1.0,hard,18,10.672983333333333
0.0,0.3802388026789423,0.2917898182060962,1.0,0.8793103448275862,0.9770114942528735,1.0,medium,29,10.363479310344827
