exact_match,token_f1,rouge_l_f1,source_hit,source_precision,source_recall,source_mrr,category,count,avg_latency_sec
0.0,0.30719190277507574,0.23180889524190196,1.0,0.8055555555555555,0.8333333333333334,1.0,cross_paper_comparison,6,11.962116666666667
0.0,0.4395174205002244,0.34565543811423916,1.0,0.9166666666666666,0.7555555555555555,1.0,distractor_edge_case,6,12.049149999999997
0.0,0.3580748080748081,0.31560376560376563,1.0,0.75,1.0,1.0,figure_table_diagram_grounded,4,2.314425
0.0,0.3347199895378069,0.2405949367206396,1.0,0.8541666666666666,1.0,1.0,multi_chunk_synthesis,8,9.384475
0.0,0.33713322793417655,0.21446821996852597,1.0,0.8888888888888888,1.0,1.0,paraphrase_hard_retrieval,6,11.467716666666668
