exact_match,token_f1,rouge_l_f1,source_hit,source_precision,source_recall,source_mrr,difficulty,count,avg_latency_sec
0.0,0.36111111111111105,0.3055555555555556,1.0,1.0,0.2,1.0,easy,1,11.8796
0.0,0.35495846826128796,0.2570022600658749,1.0,0.8333333333333334,0.9444444444444444,1.0,hard,18,10.672983333333333
0.0,0.35115917418584114,0.27337942176244345,1.0,0.8636363636363636,0.9393939393939394,1.0,medium,11,8.474009090909092
