exact_match,token_f1,rouge_l_f1,source_hit,source_precision,source_recall,source_mrr,category,count,avg_latency_sec,recommended_primary_metric_1,recommended_primary_metric_2
0.3333333333333333,0.3333333333333333,0.3333333333333333,0.3333333333333333,0.08333333333333333,0.16666666666666666,0.06666666666666667,comparison_query,3,95.54313333333334,token_f1,rouge_l_f1
0.6666666666666666,0.7058823529411765,0.7058823529411765,1.0,0.6388888888888888,0.6388888888888888,1.0,inference_query,3,97.36303333333335,token_f1,rouge_l_f1
0.5,0.5,0.5,0.0,0.0,0.0,0.0,null_query,6,125.36130000000001,token_f1,rouge_l_f1
0.6666666666666666,0.6666666666666666,0.6666666666666666,1.0,0.6666666666666666,0.7777777777777777,1.0,temporal_query,3,49.8912,token_f1,rouge_l_f1
