exact_match,token_f1,rouge_l_f1,source_hit,source_precision,source_recall,source_mrr,difficulty,count,avg_latency_sec
0.5333333333333333,0.5411764705882353,0.5411764705882353,0.4666666666666667,0.2777777777777778,0.31666666666666665,0.41333333333333333,hard,15,98.70399333333332
