exact_match,token_f1,rouge_l_f1,source_hit,source_precision,source_recall,source_mrr,difficulty,count,avg_latency_sec
0.0,0.5374859657874204,0.50615639286236,1.0,1.0,0.8400000000000001,1.0,easy,5,24.037940000000003
0.0,0.3521384496647315,0.2678807199010955,1.0,0.9375,0.8125,1.0,hard,8,36.759025
0.0,0.33747454397097515,0.25371277841256473,1.0,0.9545454545454546,0.9393939393939394,1.0,medium,11,37.12771818181818
