exact_match,token_f1,rouge_l_f1,source_hit,source_precision,source_recall,source_mrr,category,count,avg_latency_sec,recommended_primary_metric_1,recommended_primary_metric_2
0.0,0.3758998435054773,0.27506921873119056,1.0,1.0,0.6666666666666666,1.0,cross_paper_comparison,3,56.17940000000001,rouge_l_f1,token_f1
0.0,0.31508522569540837,0.2297053035490657,1.0,0.8333333333333334,1.0,1.0,definition_explanation,3,33.64456666666666,rouge_l_f1,token_f1
0.0,0.5040771864301276,0.48839091192032363,1.0,1.0,1.0,1.0,direct_fact_lookup,3,19.282866666666667,exact_match,token_f1
0.0,0.38261411013048896,0.30194740736730014,1.0,1.0,0.3444444444444444,1.0,distractor_edge_case,3,33.24673333333333,rouge_l_f1,token_f1
0.0,0.4633011099176512,0.3898317221625492,1.0,1.0,1.0,1.0,figure_table_diagram_grounded,3,31.003800000000002,rouge_l_f1,token_f1
0.0,0.31805922721568,0.2877627859603346,1.0,1.0,1.0,1.0,intra_paper_comparison,3,49.202133333333336,rouge_l_f1,token_f1
0.0,0.37011889446740365,0.27590650864669786,1.0,1.0,1.0,1.0,multi_chunk_synthesis,3,16.624266666666667,rouge_l_f1,token_f1
0.0,0.34309687261632343,0.2396089036821302,1.0,0.8333333333333334,1.0,1.0,paraphrase_hard_retrieval,3,35.0385,rouge_l_f1,token_f1
