exact_match,token_f1,rouge_l_f1,source_hit,source_precision,source_recall,source_mrr,difficulty,count,avg_latency_sec
0.0,0.5622684161383851,0.5505037102560322,1.0,1.0,1.0,1.0,easy,4,21.598325000000003
0.0,0.4631578947368421,0.35789473684210527,1.0,1.0,1.0,1.0,hard,1,34.0878
0.0,0.3190618229028826,0.24813216621908632,1.0,0.9375,1.0,1.0,medium,8,39.12585
