epoch,mean_reward,mean_steps,mean_llm_calls,loss,actor_loss,supervisor_loss,agent_actor_loss,critic_loss,entropy,entropy_loss
4,0.11202499999999999,4.0,2.0,0.0744287446141243,0.005971402861177921,0.0,0.005971402861177921,0.14113587141036987,0.21105942130088806,-0.0021105941850692034
8,0.38025000000000003,4.0,2.0,0.05349854379892349,0.029854103922843933,0.0,0.029854103922843933,0.050907813012599945,0.18094655871391296,-0.0018094653496518731
10,-1.51765,6.5,3.0,2.2380735874176025,-0.6284450384286734,0.0,-0.6284450384286734,5.738167395958533,0.2565275705777682,-0.002565275591153365
