epoch,mean_reward,mean_steps,mean_llm_calls,loss,actor_loss,supervisor_loss,agent_actor_loss,critic_loss,entropy,entropy_loss
4,0.4848,4.5,3.0,0.15150868892669678,0.10803616709179348,-0.005962322983476851,0.1139984925587972,0.11387172010209826,1.3463340335422092,-0.013463341527514987
5,-2.0384,8.0,6.0,-0.46250325441360474,-2.2709333896636963,-0.23841294646263123,-2.0325205326080322,3.6403534412384033,1.1746598482131958,-0.011746597476303577
