epoch,mean_reward,mean_steps,mean_llm_calls,loss,actor_loss,supervisor_loss,agent_actor_loss,critic_loss,entropy,entropy_loss
4,0.0524,5.25,3.25,-0.47696852684020996,-0.8416757129487538,-0.24916528520129977,-0.5925104050409227,0.7569225402105422,1.3754124414353144,-0.013754122313998994
6,-0.7294,7.0,5.0,-0.59296715259552,-2.1045069013323103,-0.6853724888392857,-1.4191344124930245,3.0486877986363004,1.2804183959960938,-0.012804182512419564
