epoch,mean_reward,mean_steps,mean_llm_calls,loss,actor_loss,supervisor_loss,agent_actor_loss,critic_loss,entropy,entropy_loss
4,-0.885175,6.75,5.0,-0.5266883373260498,-1.4935099283854167,-0.3960951699150933,-1.0974147231490523,1.9614711337619357,1.3913971229835793,-0.013913964783703839
5,0.7039,4.0,3.0,0.849087655544281,0.5697793364524841,0.08523229509592056,0.48454704880714417,0.5793523788452148,1.0367846488952637,-0.010367846116423607
