epoch,mean_reward,mean_steps,mean_llm_calls,loss,actor_loss,supervisor_loss,agent_actor_loss,critic_loss,entropy,entropy_loss
4,-1.469325,9.0,5.5,-0.15232935547828674,-1.8058725992838542,-0.36923662821451825,-1.436635971069336,3.3315266503228083,1.2220080693562825,-0.012220078872309791
8,-1.0184250000000001,8.25,5.75,-0.5058758854866028,-1.4675839742024739,-0.319656025279652,-1.147927948922822,1.9498663237600615,1.3225065289121685,-0.013225065036253496
10,-2.55245,9.0,5.5,0.5217444896697998,-2.31280157301161,-0.5398468971252441,-1.7729547288682725,5.689445071750217,1.0176481670803494,-0.010176483127805922
