epoch,mean_reward,mean_steps,mean_llm_calls,loss,actor_loss,critic_loss,entropy,entropy_loss
4,-0.5206250000000001,6.0,3.75,0.7110971808433533,-0.7245256106058756,2.8845911026000977,0.6672774950663248,-0.006672774751981099
8,-1.8302999999999998,8.0,5.25,2.091508626937866,-1.5962014198303223,7.390788555145264,0.7684245109558105,-0.007684244308620691
12,-2.497325,9.5,6.25,1.8729263544082642,-1.6509740729081004,7.063172992907073,0.7686054330123099,-0.007686052667467217
