epoch,mean_reward,mean_steps,mean_llm_calls,loss,actor_loss,critic_loss,entropy,entropy_loss
2,0.17084999999999997,6.0,4.0,-0.3723301887512207,-0.4007396300633748,0.0888938307762146,1.6037457784016926,-0.01603745420773824
