epoch,mean_reward,mean_steps,mean_llm_calls,loss,actor_loss,supervisor_loss,agent_actor_loss,critic_loss,entropy,entropy_loss
4,-0.40502499999999997,5.5,4.0,-0.461927592754364,-1.6355439966375178,-0.45376266132701526,-1.1817813353105024,2.376388203014027,1.4577706076882102,-0.014577708461067894
5,0.46740000000000004,4.0,3.0,-0.08186399936676025,-0.07397827506065369,-0.04169626533985138,-0.03228200972080231,0.012983639724552631,1.4377541542053223,-0.014377539977431297
