exact_match,token_f1,rouge_l_f1,source_hit,source_precision,source_recall,source_mrr,difficulty,count,avg_latency_sec
0.0,0.5940170336909467,0.5940170336909467,1.0,1.0,1.0,1.0,easy,4,5.274699999999999
0.0,0.33735348429600903,0.24614573598914427,1.0,0.7666666666666667,1.0,1.0,hard,5,11.20524
0.0,0.343839633171333,0.24170472492371067,1.0,0.7833333333333333,1.0,1.0,medium,10,8.820359999999999
