exact_match,token_f1,rouge_l_f1,source_hit,source_precision,source_recall,source_mrr,category,count,avg_latency_sec,recommended_primary_metric_1,recommended_primary_metric_2
0.0,0.3380281690140845,0.28169014084507044,1.0,1.0,1.0,1.0,cross_paper_comparison,1,11.2152,rouge_l_f1,token_f1
0.0,0.32712049424005946,0.27022946859903385,1.0,0.8333333333333334,1.0,1.0,definition_explanation,3,2.7641333333333336,rouge_l_f1,token_f1
0.0,0.5086893782545956,0.5086893782545956,1.0,1.0,1.0,1.0,direct_fact_lookup,3,2.254233333333333,exact_match,token_f1
0.0,0.5169467787114846,0.40658263305322123,1.0,0.611111111111111,1.0,1.0,figure_table_diagram_grounded,3,11.386966666666666,rouge_l_f1,token_f1
0.0,0.34095372650845474,0.25640389229369126,1.0,0.8333333333333334,1.0,1.0,intra_paper_comparison,3,12.315933333333334,rouge_l_f1,token_f1
0.0,0.3598361610783971,0.2650641284181657,1.0,0.8333333333333334,1.0,1.0,multi_chunk_synthesis,3,10.9086,rouge_l_f1,token_f1
0.0,0.33418803418803417,0.2070818070818071,1.0,0.7777777777777777,1.0,1.0,paraphrase_hard_retrieval,3,11.741266666666666,rouge_l_f1,token_f1
