exact_match,token_f1,rouge_l_f1,source_hit,source_precision,source_recall,source_mrr,difficulty,count,avg_latency_sec
0.0,0.5727147055235174,0.5179471808897458,1.0,1.0,0.8400000000000001,1.0,easy,5,112.51535407999909
0.0,0.2733989231025483,0.19179470757875208,1.0,0.9375,0.875,1.0,hard,8,120.50301806250036
0.0,0.3200087059261082,0.22763032126421076,1.0,0.8636363636363636,0.9393939393939394,1.0,medium,11,121.06354328181855
