exact_match,token_f1,rouge_l_f1,source_hit,source_precision,source_recall,source_mrr,category,count,avg_latency_sec,recommended_primary_metric_1,recommended_primary_metric_2
0.0,0.36553970800546143,0.25197212868445745,1.0,1.0,0.6666666666666666,1.0,cross_paper_comparison,3,17.57753333333333,rouge_l_f1,token_f1
0.0,0.31466124237208576,0.2305846763678089,1.0,1.0,1.0,1.0,definition_explanation,3,11.912166666666666,rouge_l_f1,token_f1
0.0,0.42610837438423643,0.41023535851122056,1.0,1.0,1.0,1.0,direct_fact_lookup,3,4.153733333333334,exact_match,token_f1
0.0,0.40952120525541363,0.34123077724390277,1.0,1.0,0.3444444444444444,1.0,distractor_edge_case,3,18.565699999999996,rouge_l_f1,token_f1
0.0,0.4954248366013072,0.42897603485838776,1.0,1.0,1.0,1.0,figure_table_diagram_grounded,3,15.926833333333335,rouge_l_f1,token_f1
0.0,0.3102880658436214,0.2586713697824809,1.0,1.0,1.0,1.0,intra_paper_comparison,3,18.8418,rouge_l_f1,token_f1
0.0,0.36539279350070114,0.2654518004476287,1.0,1.0,1.0,1.0,multi_chunk_synthesis,3,18.444933333333335,rouge_l_f1,token_f1
0.0,0.35034324942791767,0.2251161500589418,1.0,0.8333333333333334,1.0,1.0,paraphrase_hard_retrieval,3,18.364266666666666,rouge_l_f1,token_f1
