exact_match,token_f1,rouge_l_f1,source_hit,source_precision,source_recall,source_mrr,difficulty,count,avg_latency_sec
0.0,0.49102734347112154,0.4699093310487613,1.0,1.0,0.8400000000000001,1.0,easy,5,9.6754
0.0,0.3451400607356184,0.24255881814502922,1.0,0.9375,0.8125,1.0,hard,8,17.8862125
0.0,0.3541437475392435,0.2678816079509497,1.0,1.0,0.9393939393939394,1.0,medium,11,16.35401818181818
