policy,n_questions,verification_pass_rate,mean_citation_support,mean_unsupported_claims,mean_steps,mean_llm_calls,mean_latency,mean_token_usage,mean_evidence_count,failure_rate
maddpg_ceb,18,1.0,0.9259277777777777,0.16666666666666666,4.0,2.0,15.522605555555556,468.22222222222223,1.0,0.0
discrete_smoke_policy,18,0.8888888888888888,0.9166666666666666,0.1111111111111111,4.666666666666667,3.4444444444444446,38.45622222222222,5739.555555555556,5.666666666666667,0.1111111111111111
