ablation_mode,avg_latency,faithfulness,answer_relevancy,answer_correctness,context_precision,context_recall
naive,23.64,0.8546031746031746,0.8577036172757634,0.6851336170173061,0.8538888888410785,0.8300000000000001
no_crag,40.53,0.805,0.7322315202115971,0.5791022151300697,0.7499999999366667,0.55
no_auditor,37.76,0.7716666666666667,0.7245156684858601,0.5798958335056786,0.7499999999366667,0.65
full,47.32,0.7716666666666667,0.7323241580244632,0.5741022151300698,0.7499999999366667,0.55
