exact_match,token_f1,rouge_l_f1,source_hit,source_precision,source_recall,source_mrr,difficulty,count,avg_latency_sec
0.0,0.5682151182151183,0.503929403929404,1.0,1.0,0.8400000000000001,1.0,easy,5,66.17136
0.0,0.28683692832537266,0.20818005997213335,1.0,0.875,0.875,1.0,hard,8,80.84087500000001
0.0,0.3644597323079497,0.28586903393011825,1.0,0.9545454545454546,0.9393939393939394,1.0,medium,11,71.10095454545454
