exact_match,token_f1,rouge_l_f1,source_hit,source_precision,source_recall,source_mrr,category,count,avg_latency_sec,recommended_primary_metric_1,recommended_primary_metric_2
0.0,0.3047348914605552,0.21404205430754106,1.0,0.8333333333333334,0.8333333333333334,1.0,cross_paper_comparison,3,90.1807,rouge_l_f1,token_f1
0.0,0.39292777739889523,0.3249107731478324,1.0,0.8333333333333334,1.0,1.0,definition_explanation,3,66.63709999999999,rouge_l_f1,token_f1
0.0,0.5425685425685426,0.494949494949495,1.0,1.0,1.0,1.0,direct_fact_lookup,3,58.65866666666667,exact_match,token_f1
0.0,0.430705467372134,0.3178483245149912,1.0,1.0,0.3444444444444444,1.0,distractor_edge_case,3,70.21073333333334,rouge_l_f1,token_f1
0.0,0.5077107449988806,0.44519698756986886,1.0,1.0,1.0,1.0,figure_table_diagram_grounded,3,66.18093333333333,rouge_l_f1,token_f1
0.0,0.31619311619311624,0.27207207207207207,1.0,1.0,1.0,1.0,intra_paper_comparison,3,80.24896666666666,rouge_l_f1,token_f1
0.0,0.2888953461388672,0.20620017071354632,1.0,1.0,1.0,1.0,multi_chunk_synthesis,3,78.50216666666667,rouge_l_f1,token_f1
0.0,0.2645401382243488,0.16799574694311536,1.0,0.8333333333333334,1.0,1.0,paraphrase_hard_retrieval,3,75.9455,rouge_l_f1,token_f1
