exact_match,token_f1,rouge_l_f1,source_hit,source_precision,source_recall,source_mrr,difficulty,count,avg_latency_sec
0.0,0.6791936697199729,0.5638492307733567,1.0,1.0,1.0,1.0,easy,3,54.1376
0.0,0.21150054555953565,0.15721072203127415,1.0,0.7777777777777778,0.9166666666666666,1.0,hard,6,80.86346666666665
0.0,0.33735106848135216,0.23364332900650814,1.0,0.8888888888888888,1.0,1.0,medium,9,80.90238888888888
