exact_match,token_f1,rouge_l_f1,source_hit,source_precision,source_recall,source_mrr,difficulty,count,avg_latency_sec
0.0,0.4233871575071517,0.3105927782931872,1.0,1.0,0.8400000000000001,1.0,easy,5,57.68722715999902
0.0,0.2533155244158539,0.18411029473616397,1.0,1.0,0.875,1.0,hard,8,54.20605092500227
0.0,0.3277921309661529,0.2479575242288303,1.0,0.9545454545454546,0.9393939393939394,1.0,medium,11,54.52667545454394
