exact_match,token_f1,rouge_l_f1,source_hit,source_precision,source_recall,source_mrr,difficulty,count,avg_latency_sec
0.0,0.40971848610201234,0.30825999170671003,1.0,1.0,0.8400000000000001,1.0,easy,5,47.53543443999988
0.0,0.24368129797540825,0.18488163871191157,1.0,1.0,0.8333333333333334,1.0,hard,6,41.1645173333333
0.0,0.3198922102129439,0.24422452335099704,1.0,0.95,0.9333333333333333,1.0,medium,10,55.094163400000255
