exact_match,token_f1,rouge_l_f1,source_hit,source_precision,source_recall,source_mrr,category,count,avg_latency_sec,recommended_primary_metric_1,recommended_primary_metric_2
0.0,0.1866731894249781,0.1420854772533364,1.0,1.0,0.8333333333333334,1.0,cross_paper_comparison,3,75.74980366666811,rouge_l_f1,token_f1
0.0,0.3451259125848261,0.3137533635652183,1.0,1.0,1.0,1.0,definition_explanation,3,38.394437399998424,rouge_l_f1,token_f1
0.0,0.43459636821287306,0.332762495505214,1.0,1.0,1.0,1.0,direct_fact_lookup,3,42.76959319999878,exact_match,token_f1
0.0,0.43827623572559804,0.33464248415044934,1.0,1.0,0.3444444444444444,1.0,distractor_edge_case,3,66.84296976666519,rouge_l_f1,token_f1
0.0,0.3717501270567308,0.2565156279778921,1.0,1.0,1.0,1.0,figure_table_diagram_grounded,3,37.870358933333286,rouge_l_f1,token_f1
0.0,0.2148720542504964,0.157129744108501,1.0,0.8333333333333334,1.0,1.0,intra_paper_comparison,3,80.69394533333252,rouge_l_f1,token_f1
0.0,0.26149586271290126,0.18324479216974146,1.0,1.0,1.0,1.0,multi_chunk_synthesis,3,42.16836863333447,rouge_l_f1,token_f1
0.0,0.33026805786168684,0.19765902056044116,1.0,1.0,1.0,1.0,paraphrase_hard_retrieval,3,56.136514133334764,rouge_l_f1,token_f1
