exact_match,token_f1,rouge_l_f1,source_hit,source_precision,source_recall,source_mrr,difficulty,count,avg_latency_sec
0.0,0.6117242260969343,0.6057001297113921,1.0,1.0,1.0,1.0,easy,4,5.348225
0.0,0.33866556920250934,0.23967301087274936,1.0,0.7083333333333334,1.0,1.0,hard,4,11.359
0.0,0.33359914512926353,0.2614138392168233,1.0,0.8,1.0,1.0,medium,10,8.74193
