exact_match,token_f1,rouge_l_f1,source_hit,source_precision,source_recall,source_mrr,category,count,avg_latency_sec,recommended_primary_metric_1,recommended_primary_metric_2
0.0,0.3507167181436604,0.3025430051727085,1.0,0.8333333333333334,1.0,1.0,definition_explanation,3,2.8179666666666665,rouge_l_f1,token_f1
0.0,0.5322989681292457,0.5242668396151895,1.0,1.0,1.0,1.0,direct_fact_lookup,3,2.5230666666666663,exact_match,token_f1
0.0,0.4918851687508404,0.45396665322038454,1.0,0.6666666666666666,1.0,1.0,figure_table_diagram_grounded,3,11.146700000000001,rouge_l_f1,token_f1
0.0,0.31360822649934045,0.24519387973705867,1.0,0.8333333333333334,1.0,1.0,intra_paper_comparison,3,12.610733333333334,rouge_l_f1,token_f1
0.0,0.3392733905156265,0.25640611976015704,1.0,0.8333333333333334,1.0,1.0,multi_chunk_synthesis,3,11.178133333333333,rouge_l_f1,token_f1
0.0,0.3514010721247563,0.21616715399610134,1.0,0.7777777777777777,1.0,1.0,paraphrase_hard_retrieval,3,11.139466666666666,rouge_l_f1,token_f1
