exact_match,token_f1,rouge_l_f1,source_hit,source_precision,source_recall,source_mrr,difficulty,count,avg_latency_sec
0.0,0.5682151182151183,0.503929403929404,1.0,1.0,0.8400000000000001,1.0,easy,5,112.59374000000003
0.0,0.27532709387085286,0.19677301749755122,1.0,0.875,0.875,1.0,hard,8,128.31537500000002
0.0,0.3671281248068507,0.27522305718244655,1.0,0.9545454545454546,0.9393939393939394,1.0,medium,11,111.49601818181817
