exact_match,token_f1,rouge_l_f1,source_hit,source_precision,source_recall,source_mrr,category,count,avg_latency_sec,recommended_primary_metric_1,recommended_primary_metric_2
0.0,0.3106953106953107,0.20291720291720292,1.0,0.8333333333333334,0.8333333333333334,1.0,cross_paper_comparison,3,136.8735,rouge_l_f1,token_f1
0.0,0.39292777739889523,0.3249107731478324,1.0,0.8333333333333334,1.0,1.0,definition_explanation,3,102.7777,rouge_l_f1,token_f1
0.0,0.5425685425685426,0.494949494949495,1.0,1.0,1.0,1.0,direct_fact_lookup,3,103.69000000000001,exact_match,token_f1
0.0,0.430705467372134,0.3178483245149912,1.0,1.0,0.3444444444444444,1.0,distractor_edge_case,3,110.55703333333334,rouge_l_f1,token_f1
0.0,0.4934818268151601,0.43912877246210574,1.0,1.0,1.0,1.0,figure_table_diagram_grounded,3,108.09223333333334,rouge_l_f1,token_f1
0.0,0.3402061402061402,0.2391050391050391,1.0,1.0,1.0,1.0,intra_paper_comparison,3,127.45503333333333,rouge_l_f1,token_f1
0.0,0.2522420350253923,0.18690624217166543,1.0,1.0,1.0,1.0,multi_chunk_synthesis,3,131.7166,rouge_l_f1,token_f1
0.0,0.2645401382243488,0.16799574694311536,1.0,0.8333333333333334,1.0,1.0,paraphrase_hard_retrieval,3,117.48719999999999,rouge_l_f1,token_f1
