exact_match,token_f1,rouge_l_f1,source_hit,source_precision,source_recall,source_mrr,category,count,avg_latency_sec,recommended_primary_metric_1,recommended_primary_metric_2
0.0,0.30519978106185003,0.19883564711150917,1.0,1.0,0.8333333333333334,1.0,cross_paper_comparison,3,137.6328062666677,rouge_l_f1,token_f1
0.0,0.3793700401384932,0.3328584122315164,1.0,0.8333333333333334,1.0,1.0,definition_explanation,3,97.53847766666634,rouge_l_f1,token_f1
0.0,0.5646181192994725,0.5050849433225515,1.0,1.0,1.0,1.0,direct_fact_lookup,3,102.59055576666651,exact_match,token_f1
0.0,0.3685549949700893,0.2957833221984165,1.0,1.0,0.3444444444444444,1.0,distractor_edge_case,3,113.9571138333328,rouge_l_f1,token_f1
0.0,0.4605726978608335,0.40198303475139635,1.0,0.8333333333333334,1.0,1.0,figure_table_diagram_grounded,3,101.67227490000005,rouge_l_f1,token_f1
0.0,0.32139565503620804,0.17880184331797233,1.0,0.8333333333333334,1.0,1.0,intra_paper_comparison,3,149.9471269333335,rouge_l_f1,token_f1
0.0,0.26021232484242335,0.18332947856435902,1.0,1.0,1.0,1.0,multi_chunk_synthesis,3,111.93609896666628,rouge_l_f1,token_f1
0.0,0.19702994599901816,0.11266568483063327,1.0,0.8333333333333334,1.0,1.0,paraphrase_hard_retrieval,3,137.49217600000097,rouge_l_f1,token_f1
