exact_match,token_f1,rouge_l_f1,source_hit,source_precision,source_recall,source_mrr,difficulty,count,avg_latency_sec
0.0,0.39285714285714285,0.21428571428571427,1.0,1.0,0.2,1.0,easy,1,78.2277
0.0,0.30571926112839487,0.22486919248185921,1.0,0.90625,0.875,1.0,hard,16,79.11438125000001
0.0,0.3285723572011558,0.24325480888299814,1.0,1.0,0.9333333333333333,1.0,medium,10,66.33036
