exact_match,token_f1,rouge_l_f1,source_hit,source_precision,source_recall,source_mrr,category,count,avg_latency_sec,recommended_primary_metric_1,recommended_primary_metric_2
0.0,0.29749552772808585,0.24722719141323796,1.0,0.75,1.0,1.0,definition_explanation,2,1.3779,rouge_l_f1,token_f1
0.0,0.41243794815223384,0.41243794815223384,1.0,1.0,1.0,1.0,direct_fact_lookup,3,2.813,exact_match,token_f1
0.0,0.4255389858792417,0.32694116232861703,1.0,1.0,0.3444444444444444,1.0,distractor_edge_case,3,11.238466666666667,rouge_l_f1,token_f1
0.0,0.5771739130434783,0.5010869565217391,1.0,0.6666666666666666,1.0,1.0,figure_table_diagram_grounded,2,12.66995,rouge_l_f1,token_f1
0.0,0.3650793650793651,0.30952380952380953,1.0,1.0,1.0,1.0,intra_paper_comparison,2,11.2166,rouge_l_f1,token_f1
0.0,0.3879752359133802,0.2964735722467682,1.0,1.0,1.0,1.0,multi_chunk_synthesis,3,11.927733333333334,rouge_l_f1,token_f1
0.0,0.39856630824372763,0.2331704138155751,1.0,0.8333333333333334,1.0,1.0,paraphrase_hard_retrieval,3,11.326833333333333,rouge_l_f1,token_f1
