exact_match,token_f1,rouge_l_f1,source_hit,source_precision,source_recall,source_mrr,difficulty,count,avg_latency_sec
0.0,0.5233451218325167,0.49981571006781084,1.0,1.0,0.8400000000000001,1.0,easy,5,7.23122
0.0,0.3829582780524932,0.26222895836537463,1.0,0.9,0.9,1.0,hard,5,11.670420000000002
0.0,0.3526920058553198,0.2640652327976536,1.0,0.8541666666666666,0.9166666666666666,1.0,medium,8,8.49235
