exact_match,token_f1,rouge_l_f1,source_hit,source_precision,source_recall,source_mrr,difficulty,count,avg_latency_sec
0.0,0.4137495711835334,0.3246518010291595,1.0,1.0,0.8400000000000001,1.0,easy,5,74.47918460000074
0.0,0.26696187918008957,0.19240201260185102,1.0,1.0,0.9285714285714286,1.0,hard,7,65.56514517142932
0.0,0.32301611950406023,0.2511842537152567,1.0,1.0,0.9393939393939394,1.0,medium,11,66.83327016363646
