exact_match,token_f1,rouge_l_f1,source_hit,source_precision,source_recall,source_mrr,category,count,avg_latency_sec,recommended_primary_metric_1,recommended_primary_metric_2
0.0,0.17874396135265702,0.1456176673567978,1.0,1.0,0.75,1.0,cross_paper_comparison,2,50.234618549999595,rouge_l_f1,token_f1
0.0,0.34142117978867903,0.31004863076907124,1.0,1.0,1.0,1.0,definition_explanation,3,35.26006549999996,rouge_l_f1,token_f1
0.0,0.43459636821287306,0.332762495505214,1.0,1.0,1.0,1.0,direct_fact_lookup,3,47.29360729999977,exact_match,token_f1
0.0,0.4154951167170324,0.3307545065063208,1.0,1.0,0.3444444444444444,1.0,distractor_edge_case,3,45.65934616666709,rouge_l_f1,token_f1
0.0,0.3717501270567308,0.2565156279778921,1.0,1.0,1.0,1.0,figure_table_diagram_grounded,3,38.02417623333349,rouge_l_f1,token_f1
0.0,0.2182453746969876,0.15269515430805755,1.0,0.8333333333333334,1.0,1.0,intra_paper_comparison,3,89.60142273333379,rouge_l_f1,token_f1
0.0,0.21129141311697092,0.16058147396889788,1.0,1.0,1.0,1.0,multi_chunk_synthesis,2,32.68374400000039,rouge_l_f1,token_f1
0.0,0.29250353606789253,0.16605374823196606,1.0,1.0,1.0,1.0,paraphrase_hard_retrieval,2,51.12666564999972,rouge_l_f1,token_f1
