policy,n_questions,verification_pass_rate,mean_citation_support,mean_unsupported_claims,mean_steps,mean_llm_calls,mean_latency,mean_token_usage,mean_evidence_count,failure_rate
maddpg_ceb,18,1.0,0.9027777777777778,0.2222222222222222,4.0,3.0,9.072733333333334,1196.7222222222222,1.0,0.0
discrete_smoke_policy,18,0.6111111111111112,0.6388888888888888,0.05555555555555555,3.5,2.3333333333333335,23.324361111111113,3696.277777777778,6.444444444444445,0.3888888888888889
