epoch,mean_reward,mean_steps,mean_llm_calls,loss,actor_loss,critic_loss,entropy,entropy_loss
1,0.5296000000000001,4.0,3.0,0.09966909885406494,0.06299085915088654,0.08632390201091766,0.6483712196350098,-0.006483712233603001
2,0.355,4.0,3.0,-0.06054583191871643,-0.06351183354854584,0.0187351293861866,0.6401561498641968,-0.006401561666280031
3,0.355,4.0,2.0,-0.12145912647247314,-0.12690578401088715,0.02389712631702423,0.6501902341842651,-0.0065019018948078156
