epoch,mean_reward,mean_steps,mean_llm_calls,loss,actor_loss,critic_loss,entropy,entropy_loss
2,0.0947,4.0,2.0,0.04168093577027321,0.011898115277290344,0.07280924916267395,0.6621805429458618,-0.006621805019676685
