epoch,mean_reward,mean_steps,mean_llm_calls,loss,actor_loss,critic_loss,entropy,entropy_loss
4,-0.6028749999999999,7.5,3.75,-0.3496047258377075,-0.5580916086832682,0.4459315617879232,1.4478914896647135,-0.014478914936383565
8,-0.6566249999999999,7.25,4.0,-0.45011550188064575,-0.7521718123863483,0.6331436551850418,1.4515530816439925,-0.01451553044648006
