epoch,mean_reward,mean_steps,mean_llm_calls,loss,actor_loss,critic_loss,entropy,entropy_loss
4,0.465275,4.0,2.75,0.7399714589118958,0.5403658151626587,0.41914355754852295,0.9966135025024414,-0.009966135025024414
8,0.0456,4.0,2.5,0.057197630405426025,-0.009102515876293182,0.1526298224925995,1.0014766454696655,-0.010014766827225685
10,0.03329999999999997,4.0,3.0,-0.017456170171499252,-0.07823856174945831,0.1414438933134079,0.9939555525779724,-0.009939556010067463
