epoch,mean_reward,mean_steps,mean_llm_calls,loss,actor_loss,critic_loss,entropy,entropy_loss
4,-1.6745250000000003,7.5,4.5,2.700946569442749,-1.78098513285319,8.97763671875,0.688679567972819,-0.006886795659859975
8,-0.4722500000000001,5.5,3.25,0.201267808675766,-0.34300860491665924,1.1018673289905896,0.6657260981473055,-0.006657261062752117
10,-1.7095500000000006,8.0,5.0,1.8800033330917358,-1.6585578918457031,7.092628479003906,0.7752982974052429,-0.007752982899546623
